Name,Time

Scanning Started,19:31 16
Scanning Started,19:49 18
ARKA_PALIT,20:18 39
KAYLYN-MOK-K798U9EYDFU-UNSPLASH,20:18 40
ARKA_PALIT,20:18 41
ARKA_PALIT,20:18 43
ARKA_PALIT,20:18 43
ARKA_PALIT,20:18 44
IMANSYAH-MUHAMAD-PUTERA-N4KEWLKFOZW-UNSPLASH,20:18 45
ARKA_PALIT,20:18 50
ARKA_PALIT,20:18 50
ARKA_PALIT,20:18 51
ARKA_PALIT,20:18 52
ARKA_PALIT,20:18 52
ARKA_PALIT,20:18 53
ARKA_PALIT,20:18 54
ARKA_PALIT,20:18 54
ARKA_PALIT,20:18 56
ARKA_PALIT,20:18 57
ARKA_PALIT,20:18 57
ARKA_PALIT,20:18 58
ARKA_PALIT,20:18 59
ARKA_PALIT,20:18 59
ARKA_PALIT,20:19 00
ARKA_PALIT,20:19 00
ARKA_PALIT,20:19 01
ARKA_PALIT,20:19 02
IMANSYAH-MUHAMAD-PUTERA-N4KEWLKFOZW-UNSPLASH,20:19 03
IMANSYAH-MUHAMAD-PUTERA-N4KEWLKFOZW-UNSPLASH,20:19 04
ARKA_PALIT,20:19 05
ARKA_PALIT,20:19 06
ARKA_PALIT,20:19 08
IMANSYAH-MUHAMAD-PUTERA-N4KEWLKFOZW-UNSPLASH,20:19 09
ARKA_PALIT,20:19 10
ARKA_PALIT,20:19 12
ARKA_PALIT,20:19 13
ARKA_PALIT,20:19 14
ARKA_PALIT,20:19 14
ARKA_PALIT,20:19 15
ALEXANDRU-ZDROBAU-BGZ8VO3PK8K-UNSPLASH,20:19 17
ALEXANDRU-ZDROBAU-BGZ8VO3PK8K-UNSPLASH,20:19 18
ALEXANDRU-ZDROBAU-BGZ8VO3PK8K-UNSPLASH,20:19 18
ALEXANDRU-ZDROBAU-BGZ8VO3PK8K-UNSPLASH,20:19 19
CHRISTIAN-BUEHNER-JQSHTL9QBFO-UNSPLASH,20:19 25
CHRISTIAN-BUEHNER-JQSHTL9QBFO-UNSPLASH,20:19 25
CHRISTIAN-BUEHNER-JQSHTL9QBFO-UNSPLASH,20:19 26
CHRISTIAN-BUEHNER-JQSHTL9QBFO-UNSPLASH,20:19 27
CHRISTIAN-BUEHNER-JQSHTL9QBFO-UNSPLASH,20:19 27
HANNA-Y5W-35CO7VG-UNSPLASH,20:19 28
HANNA-Y5W-35CO7VG-UNSPLASH,20:19 29
HANNA-Y5W-35CO7VG-UNSPLASH,20:19 29
HANNA-Y5W-35CO7VG-UNSPLASH,20:19 30
HANNA-Y5W-35CO7VG-UNSPLASH,20:19 30
HARISHAN-KOBALASINGAM-8PMVB4VYVXA-UNSPLASH,20:19 31
HARISHAN-KOBALASINGAM-8PMVB4VYVXA-UNSPLASH,20:19 32
HARISHAN-KOBALASINGAM-8PMVB4VYVXA-UNSPLASH,20:19 32
HARISHAN-KOBALASINGAM-8PMVB4VYVXA-UNSPLASH,20:19 33
HARISHAN-KOBALASINGAM-8PMVB4VYVXA-UNSPLASH,20:19 33
HARISHAN-KOBALASINGAM-8PMVB4VYVXA-UNSPLASH,20:19 34
HARISHAN-KOBALASINGAM-8PMVB4VYVXA-UNSPLASH,20:19 35
HARISHAN-KOBALASINGAM-8PMVB4VYVXA-UNSPLASH,20:19 35
HARISHAN-KOBALASINGAM-8PMVB4VYVXA-UNSPLASH,20:19 36
HARISHAN-KOBALASINGAM-8PMVB4VYVXA-UNSPLASH,20:19 36
HARISHAN-KOBALASINGAM-8PMVB4VYVXA-UNSPLASH,20:19 37
HOUCINE-NCIB-B4TJXNI0Y2C-UNSPLASH,20:19 38
HOUCINE-NCIB-B4TJXNI0Y2C-UNSPLASH,20:19 38
HOUCINE-NCIB-B4TJXNI0Y2C-UNSPLASH,20:19 39
HOUCINE-NCIB-B4TJXNI0Y2C-UNSPLASH,20:19 39
HOUCINE-NCIB-B4TJXNI0Y2C-UNSPLASH,20:19 40
HOUCINE-NCIB-B4TJXNI0Y2C-UNSPLASH,20:19 40
IGOR-RODRIGUES-7H0GERNHOLA-UNSPLASH,20:19 41
IGOR-RODRIGUES-7H0GERNHOLA-UNSPLASH,20:19 42
IGOR-RODRIGUES-7H0GERNHOLA-UNSPLASH,20:19 42
IGOR-RODRIGUES-7H0GERNHOLA-UNSPLASH,20:19 43
IGOR-RODRIGUES-7H0GERNHOLA-UNSPLASH,20:19 43
IGOR-RODRIGUES-7H0GERNHOLA-UNSPLASH,20:19 44
IGOR-RODRIGUES-7H0GERNHOLA-UNSPLASH,20:19 45
IGOR-RODRIGUES-7H0GERNHOLA-UNSPLASH,20:19 46
ARKA_PALIT,20:19 47
ARKA_PALIT,20:19 48
ARKA_PALIT,20:19 49
ARKA_PALIT,20:19 49
ARKA_PALIT,20:19 50
ARKA_PALIT,20:19 51
ARKA_PALIT,20:19 51
ARKA_PALIT,20:19 52
ARKA_PALIT,20:19 52
IMANSYAH-MUHAMAD-PUTERA-N4KEWLKFOZW-UNSPLASH,20:19 53
ARKA_PALIT,20:19 53
ARKA_PALIT,20:19 54
ARKA_PALIT,20:19 54
ARKA_PALIT,20:19 55
ARKA_PALIT,20:19 55
ARKA_PALIT,20:20 00
ARKA_PALIT,20:20 00
ARKA_PALIT,20:20 01
ARKA_PALIT,20:20 01
ARKA_PALIT,20:20 02
ARKA_PALIT,20:20 06
ARKA_PALIT,20:20 09
ARKA_PALIT,20:20 11
KAYLYN-MOK-K798U9EYDFU-UNSPLASH,20:20 15
ARKA_PALIT,20:20 18
ARKA_PALIT,20:20 19
ARKA_PALIT,20:20 19
ARKA_PALIT,20:20 20
ARKA_PALIT,20:20 21
ARKA_PALIT,20:20 21
KAYLYN-MOK-K798U9EYDFU-UNSPLASH,20:20 22
ARKA_PALIT,20:20 23
ARKA_PALIT,20:20 24
ARKA_PALIT,20:20 24
ARKA_PALIT,20:20 25
ARKA_PALIT,20:20 27
ARKA_PALIT,20:20 29
ARKA_PALIT,20:20 30
ARKA_PALIT,20:20 30
ARKA_PALIT,20:20 31
ARKA_PALIT,20:20 31
ARKA_PALIT,20:20 32
ARKA_PALIT,20:20 32
ARKA_PALIT,20:20 33
ARKA_PALIT,20:20 34
ARKA_PALIT,20:20 35
ARKA_PALIT,20:20 35
ARKA_PALIT,20:20 36
ARKA_PALIT,20:20 37
ARKA_PALIT,20:20 37
ARKA_PALIT,20:20 38
ARKA_PALIT,20:20 40
ARKA_PALIT,20:20 41
ARKA_PALIT,20:20 42
ARKA_PALIT,20:20 42
ARKA_PALIT,20:20 43
ARKA_PALIT,20:20 43
ARKA_PALIT,20:20 44
ARKA_PALIT,20:20 44
ARKA_PALIT,20:20 45
ARKA_PALIT,20:20 46
ARKA_PALIT,20:20 46
ARKA_PALIT,20:20 47
ARKA_PALIT,20:20 47
ARKA_PALIT,20:20 48
ARKA_PALIT,20:20 48
ARKA_PALIT,20:20 49
ARKA_PALIT,20:20 49
ARKA_PALIT,20:20 50
ARKA_PALIT,20:20 50
ARKA_PALIT,20:20 51
ARKA_PALIT,20:20 51
ARKA_PALIT,20:20 52
ARKA_PALIT,20:20 52
ARKA_PALIT,20:20 53
ARKA_PALIT,20:20 53
ARKA_PALIT,20:20 54
ARKA_PALIT,20:20 54
ARKA_PALIT,20:20 55
ARKA_PALIT,20:20 55
KAYLYN-MOK-K798U9EYDFU-UNSPLASH,20:20 56
ARKA_PALIT,20:20 56
ARKA_PALIT,20:20 57
KAYLYN-MOK-K798U9EYDFU-UNSPLASH,20:20 57
KAYLYN-MOK-K798U9EYDFU-UNSPLASH,20:21 00
ARKA_PALIT,20:21 01
ARKA_PALIT,20:21 02
ARKA_PALIT,20:21 03
ARKA_PALIT,20:21 03
ARKA_PALIT,20:21 04
ARKA_PALIT,20:21 04
ARKA_PALIT,20:21 05
ARKA_PALIT,20:21 05
KAYLYN-MOK-K798U9EYDFU-UNSPLASH,20:21 06
ARKA_PALIT,20:21 06
IMANSYAH-MUHAMAD-PUTERA-N4KEWLKFOZW-UNSPLASH,20:21 07
ARKA_PALIT,20:21 07
ARKA_PALIT,20:21 08
ARKA_PALIT,20:21 09
KAYLYN-MOK-K798U9EYDFU-UNSPLASH,20:21 09
ARKA_PALIT,20:21 10
KAYLYN-MOK-K798U9EYDFU-UNSPLASH,20:21 11
ARKA_PALIT,20:21 12
ARKA_PALIT,20:21 12
ARKA_PALIT,20:21 13
ARKA_PALIT,20:21 13
KAYLYN-MOK-K798U9EYDFU-UNSPLASH,20:21 14
KAYLYN-MOK-K798U9EYDFU-UNSPLASH,20:21 14
KAYLYN-MOK-K798U9EYDFU-UNSPLASH,20:21 17
ARKA_PALIT,20:21 17
ARKA_PALIT,20:21 18
ARKA_PALIT,20:21 19
ARKA_PALIT,20:21 19
ARKA_PALIT,20:21 20
KAYLYN-MOK-K798U9EYDFU-UNSPLASH,20:21 20
ARKA_PALIT,20:21 21
ARKA_PALIT,20:21 22
ARKA_PALIT,20:21 22
KAYLYN-MOK-K798U9EYDFU-UNSPLASH,20:21 23
ARKA_PALIT,20:21 26
ARKA_PALIT,20:21 26
KAYLYN-MOK-K798U9EYDFU-UNSPLASH,20:21 27
ARKA_PALIT,20:21 28
ARKA_PALIT,20:21 29
ARKA_PALIT,20:21 30
KAYLYN-MOK-K798U9EYDFU-UNSPLASH,20:21 31
ARKA_PALIT,20:21 32
IMANSYAH-MUHAMAD-PUTERA-N4KEWLKFOZW-UNSPLASH,20:21 32
ARKA_PALIT,20:21 33
ARKA_PALIT,20:21 33
ARKA_PALIT,20:21 34
ARKA_PALIT,20:21 34
ARKA_PALIT,20:21 35
ARKA_PALIT,20:21 35
ARKA_PALIT,20:21 36
KAYLYN-MOK-K798U9EYDFU-UNSPLASH,20:21 36
KAYLYN-MOK-K798U9EYDFU-UNSPLASH,20:21 37
KAYLYN-MOK-K798U9EYDFU-UNSPLASH,20:21 37
ARKA_PALIT,20:21 38
ARKA_PALIT,20:21 39
ARKA_PALIT,20:21 39
ARKA_PALIT,20:21 40
ARKA_PALIT,20:21 40
ARKA_PALIT,20:21 41
ARKA_PALIT,20:21 41
KAYLYN-MOK-K798U9EYDFU-UNSPLASH,20:21 42
ARKA_PALIT,20:21 42
ARKA_PALIT,20:21 43
ARKA_PALIT,20:21 44
KAYLYN-MOK-K798U9EYDFU-UNSPLASH,20:21 44
ARKA_PALIT,20:21 45
ARKA_PALIT,20:21 45
KAYLYN-MOK-K798U9EYDFU-UNSPLASH,20:21 46
IMANSYAH-MUHAMAD-PUTERA-N4KEWLKFOZW-UNSPLASH,20:21 47
ARKA_PALIT,20:21 48
ARKA_PALIT,20:21 49
ARKA_PALIT,20:21 49
ARKA_PALIT,20:21 49
ARKA_PALIT,20:21 50
ARKA_PALIT,20:21 50
ARKA_PALIT,20:21 51
ARKA_PALIT,20:21 52
ARKA_PALIT,20:21 53
ARKA_PALIT,20:21 53
ARKA_PALIT,20:21 54
ARKA_PALIT,20:21 54
ARKA_PALIT,20:21 55
ARKA_PALIT,20:21 55
ARKA_PALIT,20:21 56
ARKA_PALIT,20:21 57
ARKA_PALIT,20:21 57
ARKA_PALIT,20:21 59
ARKA_PALIT,20:22 03
ARKA_PALIT,20:22 04
ARKA_PALIT,20:22 04
ARKA_PALIT,20:22 05
KAYLYN-MOK-K798U9EYDFU-UNSPLASH,20:22 06
ARKA_PALIT,20:22 06
ARKA_PALIT,20:22 07
KAYLYN-MOK-K798U9EYDFU-UNSPLASH,20:22 11
KAYLYN-MOK-K798U9EYDFU-UNSPLASH,20:22 11
ARKA_PALIT,20:22 12
ARKA_PALIT,20:22 12
ARKA_PALIT,20:22 13
KAYLYN-MOK-K798U9EYDFU-UNSPLASH,20:22 21
KAYLYN-MOK-K798U9EYDFU-UNSPLASH,20:22 22
ARKA_PALIT,20:22 23
ARKA_PALIT,20:22 24
ARKA_PALIT,20:22 24
ARKA_PALIT,20:22 25
ARKA_PALIT,20:22 25
ARKA_PALIT,20:22 26
ARKA_PALIT,20:22 27
ARKA_PALIT,20:22 28
ARKA_PALIT,20:22 30
ARKA_PALIT,20:22 30
ARKA_PALIT,20:22 31
ARKA_PALIT,20:22 31
KAYLYN-MOK-K798U9EYDFU-UNSPLASH,20:22 32
KAYLYN-MOK-K798U9EYDFU-UNSPLASH,20:22 33
ARKA_PALIT,20:22 33
ARKA_PALIT,20:22 34
ARKA_PALIT,20:22 35
ARKA_PALIT,20:22 35
ARKA_PALIT,20:22 36
IMANSYAH-MUHAMAD-PUTERA-N4KEWLKFOZW-UNSPLASH,20:22 36
ARKA_PALIT,20:22 37
ARKA_PALIT,20:22 37
KAYLYN-MOK-K798U9EYDFU-UNSPLASH,20:22 38
KAYLYN-MOK-K798U9EYDFU-UNSPLASH,20:22 39
ARKA_PALIT,20:22 40
KAYLYN-MOK-K798U9EYDFU-UNSPLASH,20:22 41
ARKA_PALIT,20:22 41
ARKA_PALIT,20:22 43
ARKA_PALIT,20:22 44
ARKA_PALIT,20:22 44
ARKA_PALIT,20:22 45
ARKA_PALIT,20:22 46
ARKA_PALIT,20:22 46
ARKA_PALIT,20:22 47
ARKA_PALIT,20:22 47
ARKA_PALIT,20:22 48
ARKA_PALIT,20:22 48
ARKA_PALIT,20:22 49
ARKA_PALIT,20:22 49
ARKA_PALIT,20:22 50
ARKA_PALIT,20:22 50
ARKA_PALIT,20:22 51
ARKA_PALIT,20:22 51
ARKA_PALIT,20:22 53
ARKA_PALIT,20:22 55
ARKA_PALIT,20:22 55
ARKA_PALIT,20:22 56
ARKA_PALIT,20:22 56
ARKA_PALIT,20:22 57
ARKA_PALIT,20:22 57
ARKA_PALIT,20:22 58
ARKA_PALIT,20:22 58
ARKA_PALIT,20:22 59
Scanning Started,12:47 25
Scanning Started,12:49 59
ARKA_PALIT,12:50 04
ARKA_PALIT,12:50 04
ARKA_PALIT,12:50 05
ARKA_PALIT,12:50 06
ARKA_PALIT,12:50 06
ARKA_PALIT,12:50 07
ARKA_PALIT,12:50 07
ARKA_PALIT,12:50 14
ARKA_PALIT,12:50 15
ARKA_PALIT,12:50 15
ARKA_PALIT,12:50 16
ARKA_PALIT,12:50 16
ARKA_PALIT,12:50 17
ARKA_PALIT,12:50 17
ARKA_PALIT,12:50 18
ARKA_PALIT,12:50 18
ARKA_PALIT,12:50 18
ARKA_PALIT,12:50 19
ARKA_PALIT,12:50 20
ARKA_PALIT,12:50 20
ARKA_PALIT,12:50 21